<?xml version="1.0" encoding="UTF-8"?>
<!DOCTYPE hibernate-reverse-engineering PUBLIC "-//Hibernate/Hibernate Reverse Engineering DTD 3.0//EN" "http://hibernate.org/dtd/hibernate-reverse-engineering-3.0.dtd" >

<hibernate-reverse-engineering>
  <table-filter match-catalog="etourfinal" match-name="bookingdetail"/>
  <table-filter match-catalog="etourfinal" match-name="bookingdetail"/>
  <table-filter match-catalog="etourfinal" match-name="categorysubcategory"/>
  <table-filter match-catalog="etourfinal" match-name="customerdetail"/>
  <table-filter match-catalog="etourfinal" match-name="datepackagedetail"/>
  <table-filter match-catalog="etourfinal" match-name="itinerary"/>
  <table-filter match-catalog="etourfinal" match-name="packagecompletedetail"/>
  <table-filter match-catalog="etourfinal" match-name="passengerdetail"/>
  <table-filter match-catalog="etourfinal" match-name="pricedetail"/>
</hibernate-reverse-engineering>